<?xml version="1.0" encoding="UTF-8"?>
<manifest:manifest xmlns:manifest="urn:oasis:names:tc:opendocument:xmlns:manifest:1.0">
 <manifest:file-entry manifest:media-type="application/vnd.oasis.opendocument.base" manifest:full-path="/"/>
 <manifest:file-entry manifest:media-type="application/vnd.sun.xml.ui.configuration" manifest:full-path="Configurations2/"/>
 <manifest:file-entry manifest:media-type="text/xml" manifest:full-path="content.xml"/>
 <manifest:file-entry manifest:media-type="" manifest:full-path="database/script"/>
 <manifest:file-entry manifest:media-type="" manifest:full-path="database/properties"/>
 <manifest:file-entry manifest:media-type="" manifest:full-path="database/"/>
 <manifest:file-entry manifest:media-type="" manifest:full-path="reports/"/>
 <manifest:file-entry manifest:media-type="" manifest:full-path="forms/"/>
 <manifest:file-entry manifest:media-type="text/xml" manifest:full-path="settings.xml"/>
</manifest:manifest>